{"_timestamp":1.7424717849039521e+09,"_runtime":78.7079838,"_step":5,"_wandb":{"runtime":78},"loss":0.46760459908376484,"cen_accuarcy":0.8313}