{
    "0": {
        "loss": 2.3031352206160087,
        "cen_accuarcy": 0.1007
    },
    "1": {
        "loss": 2.1875786918420763,
        "cen_accuarcy": 0.1896
    },
    "2": {
        "loss": 0.8083269762726256,
        "cen_accuarcy": 0.6598
    },
    "3": {
        "loss": 0.5486536652516252,
        "cen_accuarcy": 0.7921
    },
    "4": {
        "loss": 0.508685160797244,
        "cen_accuarcy": 0.8112
    },
    "5": {
        "loss": 0.46760459908376484,
        "cen_accuarcy": 0.8313
    }
}